trade_id,slug,entry_time,exit_time,direction,entry_price,exit_price,position_notional,quantity,p_model_up,p_market_up,alpha,gross_pnl,fees_paid,net_pnl,gross_return_pct,net_return_pct,hold_seconds,exit_type
1,btc-updown-15m-1765608300,2025-12-13T06:59:11+00:00,2025-12-13T06:59:12+00:00,DOWN,0.04,0.045,100.0,2500.0,0.903769,0.96,-0.056231,12.5,14.6475,-2.1475,12.5,-2.1475,1,success
2,btc-updown-15m-1765608300,2025-12-13T06:59:25+00:00,2025-12-13T06:59:27+00:00,DOWN,0.025,0.03,100.0,4000.0,0.918263,0.975,-0.056737,20.0,15.4008,4.5992,20.0,4.5992,2,success
3,btc-updown-15m-1765610100,2025-12-13T07:24:14+00:00,2025-12-13T07:24:15+00:00,UP,0.785,0.885,100.0,127.388535,0.847316,0.785,0.062316,12.738854,2.481478,10.257376,12.7389,10.2574,1,success
4,btc-updown-15m-1765622700,2025-12-13T10:58:02+00:00,2025-12-13T10:58:05+00:00,UP,0.065,0.075,100.0,1538.461538,0.107013,0.065,0.042013,15.384615,14.416615,0.968,15.3846,0.968,3,success
5,btc-updown-15m-1765625400,2025-12-13T11:37:48+00:00,2025-12-13T11:37:49+00:00,UP,0.29,0.28,100.0,344.827586,0.34753,0.29,0.05753,-3.448276,10.117241,-13.565517,-3.4483,-13.5655,1,stop_loss
6,btc-updown-15m-1765625400,2025-12-13T11:37:50+00:00,2025-12-13T11:38:00+00:00,UP,0.275,0.205,100.0,363.636364,0.315131,0.275,0.040131,-25.454545,9.486982,-34.941527,-25.4545,-34.9415,10,stop_loss
7,btc-updown-15m-1765628100,2025-12-13T12:24:59+00:00,2025-12-13T12:25:00+00:00,UP,0.09,0.08,100.0,1111.111111,0.137931,0.09,0.047931,-11.111111,12.44,-23.551111,-11.1111,-23.5511,1,stop_loss
8,btc-updown-15m-1765628100,2025-12-13T12:25:06+00:00,2025-12-13T12:25:08+00:00,UP,0.09,0.1,100.0,1111.111111,0.130521,0.09,0.040521,11.111111,13.752,-2.640889,11.1111,-2.6409,2,success
9,btc-updown-15m-1765628100,2025-12-13T12:25:10+00:00,2025-12-13T12:25:11+00:00,UP,0.095,0.105,100.0,1052.631579,0.151359,0.095,0.056359,10.526316,13.638316,-3.112,10.5263,-3.112,1,success
10,btc-updown-15m-1765629000,2025-12-13T12:40:17+00:00,2025-12-13T12:40:19+00:00,DOWN,0.055,0.05,100.0,1818.181818,0.899749,0.945,-0.045251,-9.090909,13.022182,-22.113091,-9.0909,-22.1131,2,stop_loss
11,btc-updown-15m-1765629000,2025-12-13T12:40:21+00:00,2025-12-13T12:40:26+00:00,DOWN,0.05,0.06,100.0,2000.0,0.895077,0.95,-0.054923,20.0,14.9616,5.0384,20.0,5.0384,5,success
12,btc-updown-15m-1765629000,2025-12-13T12:42:57+00:00,2025-12-13T12:43:00+00:00,DOWN,0.36,0.425,100.0,277.777778,0.595286,0.64,-0.044714,18.055556,9.4955,8.560056,18.0556,8.5601,1,success
13,btc-updown-15m-1765629000,2025-12-13T12:43:42+00:00,2025-12-13T12:43:44+00:00,DOWN,0.525,0.585,100.0,190.47619,0.419329,0.475,-0.055671,11.428571,6.749486,4.679086,11.4286,4.6791,1,success
14,btc-updown-15m-1765629000,2025-12-13T12:44:19+00:00,2025-12-13T12:44:21+00:00,DOWN,0.815,0.645,100.0,122.699387,0.144095,0.185,-0.040905,-20.858896,3.354847,-24.213742,-20.8589,-24.2137,1,stop_loss
15,btc-updown-15m-1765630800,2025-12-13T13:14:34+00:00,2025-12-13T13:14:36+00:00,UP,0.38,0.285,100.0,263.157895,0.460609,0.38,0.080609,-25.0,8.325,-33.325,-25.0,-33.325,1,stop_loss
16,btc-updown-15m-1765630800,2025-12-13T13:14:38+00:00,2025-12-13T13:14:39+00:00,UP,0.27,0.265,100.0,370.37037,0.323928,0.27,0.053928,-1.851852,10.45,-12.301852,-1.8519,-12.3019,1,stop_loss
17,btc-updown-15m-1765630800,2025-12-13T13:14:40+00:00,2025-12-13T13:14:41+00:00,UP,0.26,0.275,100.0,384.615385,0.302981,0.26,0.042981,5.769231,10.849154,-5.079923,5.7692,-5.0799,1,success
18,btc-updown-15m-1765630800,2025-12-13T13:14:42+00:00,2025-12-13T13:14:42+00:00,UP,0.235,0.235,100.0,425.531915,0.31002,0.235,0.07502,0.0,11.016,-11.016,0.0,-11.016,0,timeout
19,btc-updown-15m-1765632600,2025-12-13T13:38:42+00:00,2025-12-13T13:38:54+00:00,UP,0.59,0.63,100.0,169.491525,0.636549,0.59,0.046549,6.779661,5.79661,0.983051,6.7797,0.9831,8,success
20,btc-updown-15m-1765632600,2025-12-13T13:44:12+00:00,2025-12-13T13:44:22+00:00,DOWN,0.21,0.19,100.0,476.190476,0.749883,0.79,-0.040117,-9.52381,10.964571,-20.488381,-9.5238,-20.4884,4,stop_loss
21,btc-updown-15m-1765632600,2025-12-13T13:44:28+00:00,2025-12-13T13:44:41+00:00,UP,0.88,0.93,100.0,113.636364,0.963122,0.88,0.083122,5.681818,1.396636,4.285182,5.6818,4.2852,10,success
22,btc-updown-15m-1765633500,2025-12-13T13:58:40+00:00,2025-12-13T13:58:42+00:00,DOWN,0.135,0.085,100.0,740.740741,0.817931,0.865,-0.047069,-37.037037,10.376,-47.413037,-37.037,-47.413,1,stop_loss
23,btc-updown-15m-1765634400,2025-12-13T14:13:26+00:00,2025-12-13T14:13:27+00:00,UP,0.74,0.685,100.0,135.135135,0.780892,0.74,0.040892,-7.432432,3.971432,-11.403865,-7.4324,-11.4039,1,stop_loss
24,btc-updown-15m-1765638900,2025-12-13T15:29:26+00:00,2025-12-13T15:29:29+00:00,UP,0.455,0.435,100.0,219.78022,0.504979,0.455,0.049979,-4.395604,7.813187,-12.208791,-4.3956,-12.2088,3,stop_loss
25,btc-updown-15m-1765638900,2025-12-13T15:29:36+00:00,2025-12-13T15:29:37+00:00,UP,0.41,0.415,100.0,243.902439,0.454636,0.41,0.044636,1.219512,8.511366,-7.291854,1.2195,-7.2919,1,timeout
26,btc-updown-15m-1765640700,2025-12-13T15:53:09+00:00,2025-12-13T15:53:11+00:00,UP,0.27,0.26,100.0,370.37037,0.360482,0.27,0.090482,-3.703704,10.386667,-14.09037,-3.7037,-14.0904,1,stop_loss
27,btc-updown-15m-1765640700,2025-12-13T15:53:12+00:00,2025-12-13T15:53:13+00:00,UP,0.26,0.275,100.0,384.615385,0.355541,0.26,0.095541,5.769231,10.849154,-5.079923,5.7692,-5.0799,1,success
28,btc-updown-15m-1765640700,2025-12-13T15:53:14+00:00,2025-12-13T15:53:18+00:00,UP,0.27,0.285,100.0,370.37037,0.35001,0.27,0.08001,5.555556,10.69,-5.134444,5.5556,-5.1344,4,success
29,btc-updown-15m-1765640700,2025-12-13T15:53:27+00:00,2025-12-13T15:53:29+00:00,UP,0.245,0.24,100.0,408.163265,0.333672,0.245,0.088672,-2.040816,10.796327,-12.837143,-2.0408,-12.8371,2,stop_loss
30,btc-updown-15m-1765640700,2025-12-13T15:53:30+00:00,2025-12-13T15:53:31+00:00,UP,0.235,0.245,100.0,425.531915,0.312412,0.235,0.077412,4.255319,11.175319,-6.92,4.2553,-6.92,1,success
31,btc-updown-15m-1765640700,2025-12-13T15:53:32+00:00,2025-12-13T15:53:42+00:00,UP,0.24,0.255,100.0,416.666667,0.321067,0.24,0.081067,6.25,11.17125,-4.92125,6.25,-4.9212,4,success
32,btc-updown-15m-1765640700,2025-12-13T15:53:52+00:00,2025-12-13T15:53:53+00:00,UP,0.255,0.245,100.0,392.156863,0.296959,0.255,0.041959,-3.921569,10.586824,-14.508392,-3.9216,-14.5084,1,stop_loss
33,btc-updown-15m-1765640700,2025-12-13T15:57:44+00:00,2025-12-13T15:57:50+00:00,UP,0.305,0.3,100.0,327.868852,0.346104,0.305,0.041104,-1.639344,9.961377,-11.600721,-1.6393,-11.6007,3,stop_loss
34,btc-updown-15m-1765640700,2025-12-13T15:57:51+00:00,2025-12-13T15:57:58+00:00,UP,0.3,0.275,100.0,333.333333,0.414615,0.3,0.114615,-8.333333,9.825,-18.158333,-8.3333,-18.1583,1,stop_loss
35,btc-updown-15m-1765640700,2025-12-13T15:58:00+00:00,2025-12-13T15:58:02+00:00,UP,0.28,0.295,100.0,357.142857,0.321562,0.28,0.041562,5.357143,10.531929,-5.174786,5.3571,-5.1748,1,success
36,btc-updown-15m-1765640700,2025-12-13T15:58:06+00:00,2025-12-13T15:58:10+00:00,UP,0.275,0.265,100.0,363.636364,0.328015,0.275,0.053015,-3.636364,10.319564,-13.955927,-3.6364,-13.9559,4,stop_loss
37,btc-updown-15m-1765640700,2025-12-13T15:58:17+00:00,2025-12-13T15:58:27+00:00,UP,0.275,0.26,100.0,363.636364,0.317896,0.275,0.042896,-5.454545,10.257382,-15.711927,-5.4545,-15.7119,2,stop_loss
38,btc-updown-15m-1765640700,2025-12-13T15:59:02+00:00,2025-12-13T15:59:07+00:00,UP,0.595,0.44,100.0,168.067227,0.782335,0.595,0.187335,-26.05042,5.897647,-31.948067,-26.0504,-31.9481,1,stop_loss
39,btc-updown-15m-1765640700,2025-12-13T15:59:22+00:00,2025-12-13T15:59:24+00:00,UP,0.185,0.1,100.0,540.540541,0.253581,0.185,0.068581,-45.945946,9.370703,-55.316649,-45.9459,-55.3166,1,stop_loss
40,btc-updown-15m-1765642500,2025-12-13T16:18:36+00:00,2025-12-13T16:18:37+00:00,UP,0.215,0.205,100.0,465.116279,0.25583,0.215,0.04083,-4.651163,11.109767,-15.76093,-4.6512,-15.7609,1,stop_loss
41,btc-updown-15m-1765642500,2025-12-13T16:18:39+00:00,2025-12-13T16:19:02+00:00,UP,0.205,0.195,100.0,487.804878,0.245898,0.205,0.040898,-4.878049,11.237268,-16.115317,-4.878,-16.1153,23,stop_loss
42,btc-updown-15m-1765642500,2025-12-13T16:19:23+00:00,2025-12-13T16:19:24+00:00,UP,0.175,0.17,100.0,571.428571,0.238349,0.175,0.063349,-2.857143,11.745257,-14.6024,-2.8571,-14.6024,1,stop_loss
43,btc-updown-15m-1765642500,2025-12-13T16:19:25+00:00,2025-12-13T16:19:31+00:00,UP,0.17,0.165,100.0,588.235294,0.225783,0.17,0.055783,-2.941176,11.811176,-14.752353,-2.9412,-14.7524,6,stop_loss
44,btc-updown-15m-1765642500,2025-12-13T16:21:20+00:00,2025-12-13T16:21:22+00:00,UP,0.1,0.095,100.0,1000.0,0.145883,0.1,0.045883,-5.0,12.6702,-17.6702,-5.0,-17.6702,2,stop_loss
45,btc-updown-15m-1765642500,2025-12-13T16:21:23+00:00,2025-12-13T16:21:26+00:00,UP,0.1,0.095,100.0,1000.0,0.154091,0.1,0.054091,-5.0,12.6702,-17.6702,-5.0,-17.6702,3,stop_loss
46,btc-updown-15m-1765643400,2025-12-13T16:43:47+00:00,2025-12-13T16:43:52+00:00,DOWN,0.68,0.74,100.0,147.058824,0.263948,0.32,-0.056052,8.823529,4.341176,4.482353,8.8235,4.4824,2,success
47,btc-updown-15m-1765643400,2025-12-13T16:43:53+00:00,2025-12-13T16:43:57+00:00,DOWN,0.74,0.775,100.0,135.135135,0.218373,0.26,-0.041627,4.72973,3.568622,1.161108,4.7297,1.1611,2,success
48,btc-updown-15m-1765643400,2025-12-13T16:43:58+00:00,2025-12-13T16:43:59+00:00,DOWN,0.775,0.87,100.0,129.032258,0.179245,0.225,-0.045755,12.258065,2.670735,9.587329,12.2581,9.5873,1,success
49,btc-updown-15m-1765644300,2025-12-13T16:57:00+00:00,2025-12-13T16:57:01+00:00,DOWN,0.04,0.035,100.0,2500.0,0.914624,0.96,-0.045376,-12.5,12.9915,-25.4915,-12.5,-25.4915,1,stop_loss
50,btc-updown-15m-1765647900,2025-12-13T17:54:07+00:00,2025-12-13T17:54:18+00:00,UP,0.355,0.34,100.0,281.690141,0.397415,0.355,0.042415,-4.225352,9.195211,-13.420563,-4.2254,-13.4206,9,stop_loss
51,btc-updown-15m-1765647900,2025-12-13T17:54:19+00:00,2025-12-13T17:54:20+00:00,UP,0.34,0.275,100.0,294.117647,0.384771,0.34,0.044771,-19.117647,8.974059,-28.091706,-19.1176,-28.0917,1,stop_loss
52,btc-updown-15m-1765647900,2025-12-13T17:57:07+00:00,2025-12-13T17:57:10+00:00,UP,0.07,0.075,100.0,1428.571429,0.119481,0.07,0.049481,7.142857,13.831714,-6.688857,7.1429,-6.6889,3,success
53,btc-updown-15m-1765647900,2025-12-13T17:57:11+00:00,2025-12-13T17:57:18+00:00,UP,0.07,0.065,100.0,1428.571429,0.113933,0.07,0.043933,-7.142857,12.947143,-20.09,-7.1429,-20.09,7,stop_loss
54,btc-updown-15m-1765648800,2025-12-13T18:10:27+00:00,2025-12-13T18:10:30+00:00,DOWN,0.035,0.04,100.0,2857.142857,0.918469,0.965,-0.046531,14.285714,14.847429,-0.561714,14.2857,-0.5617,2,success
55,btc-updown-15m-1765648800,2025-12-13T18:10:32+00:00,2025-12-13T18:10:33+00:00,DOWN,0.03,0.025,100.0,3333.333333,0.926717,0.97,-0.043283,-16.666667,12.834,-29.500667,-16.6667,-29.5007,1,stop_loss
56,btc-updown-15m-1765648800,2025-12-13T18:10:34+00:00,2025-12-13T18:10:45+00:00,DOWN,0.025,0.02,100.0,4000.0,0.932759,0.975,-0.042241,-20.0,12.6648,-32.6648,-20.0,-32.6648,11,stop_loss
57,btc-updown-15m-1765648800,2025-12-13T18:10:58+00:00,2025-12-13T18:11:00+00:00,DOWN,0.02,0.025,100.0,5000.0,0.936502,0.98,-0.043498,25.0,15.831,9.169,25.0,9.169,2,success
58,btc-updown-15m-1765648800,2025-12-13T18:11:01+00:00,2025-12-13T18:11:08+00:00,DOWN,0.02,0.02,100.0,5000.0,0.935597,0.98,-0.044403,0.0,14.112,-14.112,0.0,-14.112,6,timeout
59,btc-updown-15m-1765649700,2025-12-13T18:21:19+00:00,2025-12-13T18:21:20+00:00,UP,0.38,0.405,100.0,263.157895,0.433881,0.38,0.053881,6.578947,9.029842,-2.450895,6.5789,-2.4509,1,success
60,btc-updown-15m-1765649700,2025-12-13T18:24:57+00:00,2025-12-13T18:25:00+00:00,UP,0.35,0.34,100.0,285.714286,0.432535,0.35,0.082535,-2.857143,9.296229,-12.153371,-2.8571,-12.1534,3,stop_loss
61,btc-updown-15m-1765649700,2025-12-13T18:25:01+00:00,2025-12-13T18:25:16+00:00,UP,0.34,0.315,100.0,294.117647,0.48007,0.34,0.14007,-7.352941,9.321353,-16.674294,-7.3529,-16.6743,15,stop_loss
62,btc-updown-15m-1765649700,2025-12-13T18:25:17+00:00,2025-12-13T18:25:21+00:00,UP,0.315,0.33,100.0,317.460317,0.359027,0.315,0.044027,4.761905,9.985714,-5.22381,4.7619,-5.2238,2,success
63,btc-updown-15m-1765649700,2025-12-13T18:25:23+00:00,2025-12-13T18:25:28+00:00,UP,0.34,0.33,100.0,294.117647,0.382626,0.34,0.042626,-2.941176,9.434118,-12.375294,-2.9412,-12.3753,5,stop_loss
64,btc-updown-15m-1765649700,2025-12-13T18:25:29+00:00,2025-12-13T18:25:32+00:00,UP,0.33,0.355,100.0,303.030303,0.383012,0.33,0.053012,7.575758,9.819818,-2.244061,7.5758,-2.2441,3,success
65,btc-updown-15m-1765649700,2025-12-13T18:25:35+00:00,2025-12-13T18:25:36+00:00,UP,0.345,0.37,100.0,289.855072,0.427828,0.345,0.082828,7.246377,9.580696,-2.334319,7.2464,-2.3343,1,success
66,btc-updown-15m-1765649700,2025-12-13T18:25:37+00:00,2025-12-13T18:25:38+00:00,UP,0.37,0.385,100.0,270.27027,0.424527,0.37,0.054527,4.054054,9.143514,-5.089459,4.0541,-5.0895,1,success
67,btc-updown-15m-1765649700,2025-12-13T18:25:41+00:00,2025-12-13T18:25:44+00:00,UP,0.37,0.395,100.0,270.27027,0.424719,0.37,0.054719,6.756757,9.186324,-2.429568,6.7568,-2.4296,1,success
68,btc-updown-15m-1765649700,2025-12-13T18:25:46+00:00,2025-12-13T18:25:52+00:00,UP,0.395,0.37,100.0,253.164557,0.4368,0.395,0.0418,-6.329114,8.604911,-14.934025,-6.3291,-14.934,3,stop_loss
69,btc-updown-15m-1765649700,2025-12-13T18:26:05+00:00,2025-12-13T18:26:08+00:00,UP,0.36,0.35,100.0,277.777778,0.401251,0.36,0.041251,-2.777778,9.158,-11.935778,-2.7778,-11.9358,3,stop_loss
70,btc-updown-15m-1765649700,2025-12-13T18:26:09+00:00,2025-12-13T18:26:10+00:00,UP,0.35,0.335,100.0,285.714286,0.407321,0.35,0.057321,-4.285714,9.2628,-13.548514,-4.2857,-13.5485,1,stop_loss
71,btc-updown-15m-1765649700,2025-12-13T18:26:13+00:00,2025-12-13T18:26:15+00:00,UP,0.295,0.29,100.0,338.983051,0.339364,0.295,0.044364,-1.694915,10.101356,-11.796271,-1.6949,-11.7963,2,stop_loss
72,btc-updown-15m-1765649700,2025-12-13T18:26:16+00:00,2025-12-13T18:26:24+00:00,UP,0.275,0.25,100.0,363.636364,0.31721,0.275,0.04221,-9.090909,10.129091,-19.22,-9.0909,-19.22,1,stop_loss
73,btc-updown-15m-1765649700,2025-12-13T18:26:25+00:00,2025-12-13T18:26:27+00:00,UP,0.255,0.33,100.0,392.156863,0.296082,0.255,0.041082,29.411765,11.606824,17.804941,29.4118,17.8049,1,success
74,btc-updown-15m-1765649700,2025-12-13T18:27:08+00:00,2025-12-13T18:27:16+00:00,UP,0.335,0.315,100.0,298.507463,0.458173,0.335,0.123173,-5.970149,9.425552,-15.395701,-5.9701,-15.3957,8,stop_loss
75,btc-updown-15m-1765649700,2025-12-13T18:27:17+00:00,2025-12-13T18:27:18+00:00,UP,0.29,0.285,100.0,344.827586,0.363889,0.29,0.073889,-1.724138,10.171241,-11.895379,-1.7241,-11.8954,1,stop_loss
76,btc-updown-15m-1765649700,2025-12-13T18:27:19+00:00,2025-12-13T18:27:20+00:00,UP,0.28,0.27,100.0,357.142857,0.388655,0.28,0.108655,-3.571429,10.252286,-13.823714,-3.5714,-13.8237,1,stop_loss
77,btc-updown-15m-1765649700,2025-12-13T18:27:21+00:00,2025-12-13T18:27:23+00:00,UP,0.28,0.275,100.0,357.142857,0.342211,0.28,0.062211,-1.785714,10.310786,-12.0965,-1.7857,-12.0965,2,stop_loss
78,btc-updown-15m-1765649700,2025-12-13T18:27:30+00:00,2025-12-13T18:27:31+00:00,UP,0.185,0.18,100.0,540.540541,0.235038,0.185,0.050038,-2.702703,11.612432,-14.315135,-2.7027,-14.3151,1,stop_loss
79,btc-updown-15m-1765649700,2025-12-13T18:27:32+00:00,2025-12-13T18:27:33+00:00,UP,0.175,0.165,100.0,571.428571,0.240716,0.175,0.065716,-5.714286,11.608457,-17.322743,-5.7143,-17.3227,1,stop_loss
80,btc-updown-15m-1765649700,2025-12-13T18:27:34+00:00,2025-12-13T18:27:35+00:00,UP,0.17,0.155,100.0,588.235294,0.251412,0.17,0.081412,-8.823529,11.523176,-20.346706,-8.8235,-20.3467,1,stop_loss
81,btc-updown-15m-1765649700,2025-12-13T18:27:40+00:00,2025-12-13T18:27:46+00:00,UP,0.165,0.16,100.0,606.060606,0.234694,0.165,0.069694,-3.030303,11.876727,-14.90703,-3.0303,-14.907,3,stop_loss
82,btc-updown-15m-1765649700,2025-12-13T18:27:48+00:00,2025-12-13T18:27:55+00:00,UP,0.185,0.195,100.0,540.540541,0.238508,0.185,0.053508,5.405405,11.977297,-6.571892,5.4054,-6.5719,7,success
83,btc-updown-15m-1765649700,2025-12-13T18:27:58+00:00,2025-12-13T18:28:01+00:00,UP,0.195,0.19,100.0,512.820513,0.264656,0.195,0.069656,-2.564103,11.478462,-14.042564,-2.5641,-14.0426,3,stop_loss
84,btc-updown-15m-1765649700,2025-12-13T18:28:02+00:00,2025-12-13T18:28:08+00:00,UP,0.19,0.185,100.0,526.315789,0.262478,0.19,0.072478,-2.631579,11.545579,-14.177158,-2.6316,-14.1772,6,stop_loss
85,btc-updown-15m-1765649700,2025-12-13T18:28:22+00:00,2025-12-13T18:28:23+00:00,UP,0.145,0.1,100.0,689.655172,0.197974,0.145,0.052974,-31.034483,10.624966,-41.659448,-31.0345,-41.6594,1,stop_loss
86,btc-updown-15m-1765649700,2025-12-13T18:28:47+00:00,2025-12-13T18:28:48+00:00,UP,0.195,0.115,100.0,512.820513,0.247857,0.195,0.052857,-41.025641,9.553846,-50.579487,-41.0256,-50.5795,1,stop_loss
87,btc-updown-15m-1765649700,2025-12-13T18:29:10+00:00,2025-12-13T18:29:14+00:00,UP,0.135,0.13,100.0,740.740741,0.181605,0.135,0.046605,-3.703704,12.26,-15.963704,-3.7037,-15.9637,4,stop_loss
88,btc-updown-15m-1765649700,2025-12-13T18:29:30+00:00,2025-12-13T18:29:31+00:00,UP,0.26,0.21,100.0,384.615385,0.3224,0.26,0.0624,-19.230769,9.922154,-29.152923,-19.2308,-29.1529,1,stop_loss
89,btc-updown-15m-1765650600,2025-12-13T18:42:28+00:00,2025-12-13T18:42:36+00:00,DOWN,0.35,0.455,100.0,285.714286,0.60636,0.65,-0.04364,30.0,9.7812,20.2188,30.0,20.2188,2,success
90,btc-updown-15m-1765652400,2025-12-13T19:12:50+00:00,2025-12-13T19:13:13+00:00,DOWN,0.02,0.025,100.0,5000.0,0.927847,0.98,-0.052153,25.0,15.831,9.169,25.0,9.169,10,success
91,btc-updown-15m-1765655100,2025-12-13T19:54:49+00:00,2025-12-13T19:54:54+00:00,UP,0.15,0.165,100.0,666.666667,0.222411,0.15,0.072411,10.0,12.7332,-2.7332,10.0,-2.7332,5,success
92,btc-updown-15m-1765655100,2025-12-13T19:54:55+00:00,2025-12-13T19:54:58+00:00,UP,0.165,0.16,100.0,606.060606,0.229228,0.165,0.064228,-3.030303,11.876727,-14.90703,-3.0303,-14.907,3,stop_loss
93,btc-updown-15m-1765655100,2025-12-13T19:55:11+00:00,2025-12-13T19:55:15+00:00,UP,0.125,0.12,100.0,800.0,0.178823,0.125,0.053823,-4.0,12.38256,-16.38256,-4.0,-16.3826,4,stop_loss
94,btc-updown-15m-1765655100,2025-12-13T19:55:16+00:00,2025-12-13T19:55:17+00:00,UP,0.12,0.125,100.0,833.333333,0.172936,0.12,0.052936,4.166667,12.8985,-8.731833,4.1667,-8.7318,1,success
95,btc-updown-15m-1765656900,2025-12-13T20:22:25+00:00,2025-12-13T20:22:27+00:00,UP,0.245,0.235,100.0,408.163265,0.333851,0.245,0.088851,-4.081633,10.719184,-14.800816,-4.0816,-14.8008,1,stop_loss
96,btc-updown-15m-1765656900,2025-12-13T20:22:28+00:00,2025-12-13T20:22:35+00:00,UP,0.235,0.23,100.0,425.531915,0.328528,0.235,0.093528,-2.12766,10.934043,-13.061702,-2.1277,-13.0617,4,stop_loss
97,btc-updown-15m-1765656900,2025-12-13T20:22:36+00:00,2025-12-13T20:22:37+00:00,UP,0.255,0.245,100.0,392.156863,0.307073,0.255,0.052073,-3.921569,10.586824,-14.508392,-3.9216,-14.5084,1,stop_loss
98,btc-updown-15m-1765656900,2025-12-13T20:25:33+00:00,2025-12-13T20:25:34+00:00,UP,0.215,0.21,100.0,465.116279,0.267698,0.215,0.052698,-2.325581,11.207721,-13.533302,-2.3256,-13.5333,1,stop_loss
99,btc-updown-15m-1765656900,2025-12-13T20:25:44+00:00,2025-12-13T20:25:46+00:00,UP,0.215,0.21,100.0,465.116279,0.257217,0.215,0.042217,-2.325581,11.207721,-13.533302,-2.3256,-13.5333,2,stop_loss
100,btc-updown-15m-1765656900,2025-12-13T20:26:05+00:00,2025-12-13T20:26:13+00:00,UP,0.215,0.24,100.0,465.116279,0.26068,0.215,0.04568,11.627907,11.760279,-0.132372,11.6279,-0.1324,7,success
101,btc-updown-15m-1765656900,2025-12-13T20:26:19+00:00,2025-12-13T20:26:21+00:00,UP,0.235,0.265,100.0,425.531915,0.284335,0.235,0.049335,12.765957,11.475574,1.290383,12.766,1.2904,1,success
102,btc-updown-15m-1765656900,2025-12-13T20:26:45+00:00,2025-12-13T20:26:46+00:00,UP,0.235,0.22,100.0,425.531915,0.285722,0.235,0.050722,-6.382979,10.765532,-17.148511,-6.383,-17.1485,1,stop_loss
103,btc-updown-15m-1765657800,2025-12-13T20:40:03+00:00,2025-12-13T20:40:13+00:00,UP,0.785,0.77,100.0,127.388535,0.82791,0.785,0.04291,-1.910828,3.172357,-5.083185,-1.9108,-5.0832,5,stop_loss
104,btc-updown-15m-1765657800,2025-12-13T20:41:11+00:00,2025-12-13T20:41:17+00:00,UP,0.745,0.8,100.0,134.228188,0.891814,0.745,0.146814,7.38255,3.382309,4.000242,7.3826,4.0002,1,success
105,btc-updown-15m-1765657800,2025-12-13T20:42:24+00:00,2025-12-13T20:42:31+00:00,DOWN,0.355,0.28,100.0,281.690141,0.598417,0.645,-0.046583,-21.126761,8.732789,-29.859549,-21.1268,-29.8595,1,stop_loss
106,btc-updown-15m-1765657800,2025-12-13T20:42:50+00:00,2025-12-13T20:42:59+00:00,UP,0.735,0.61,100.0,136.054422,0.861307,0.735,0.126307,-17.006803,4.238449,-21.245252,-17.0068,-21.2453,1,stop_loss
107,btc-updown-15m-1765657800,2025-12-13T20:43:14+00:00,2025-12-13T20:43:15+00:00,DOWN,0.535,0.58,100.0,186.915888,0.411338,0.465,-0.053662,8.411215,6.626355,1.78486,8.4112,1.7849,1,success
108,btc-updown-15m-1765657800,2025-12-13T20:43:39+00:00,2025-12-13T20:43:50+00:00,DOWN,0.62,0.645,100.0,161.290323,0.333336,0.38,-0.046664,4.032258,5.395065,-1.362806,4.0323,-1.3628,6,success
109,btc-updown-15m-1765657800,2025-12-13T20:44:03+00:00,2025-12-13T20:44:17+00:00,DOWN,0.645,0.595,100.0,155.03876,0.312417,0.355,-0.042583,-7.751938,5.245953,-12.997891,-7.7519,-12.9979,4,stop_loss
110,btc-updown-15m-1765664100,2025-12-13T22:28:49+00:00,2025-12-13T22:28:55+00:00,DOWN,0.035,0.03,100.0,2857.142857,0.90795,0.965,-0.05705,-14.285714,12.934286,-27.22,-14.2857,-27.22,6,stop_loss
111,btc-updown-15m-1765664100,2025-12-13T22:29:01+00:00,2025-12-13T22:29:03+00:00,DOWN,0.02,0.02,100.0,5000.0,0.938163,0.98,-0.041837,0.0,14.112,-14.112,0.0,-14.112,2,timeout
112,btc-updown-15m-1765665900,2025-12-13T22:51:51+00:00,2025-12-13T22:51:52+00:00,UP,0.355,0.345,100.0,281.690141,0.399409,0.355,0.044409,-2.816901,9.227155,-12.044056,-2.8169,-12.0441,1,stop_loss
113,btc-updown-15m-1765665900,2025-12-13T22:59:20+00:00,2025-12-13T22:59:23+00:00,UP,0.375,0.105,100.0,266.666667,0.423768,0.375,0.048768,-72.0,6.30432,-78.30432,-72.0,-78.3043,1,stop_loss
114,btc-updown-15m-1765666800,2025-12-13T23:13:59+00:00,2025-12-13T23:13:59+00:00,DOWN,0.02,0.02,100.0,5000.0,0.918452,0.98,-0.061548,0.0,14.112,-14.112,0.0,-14.112,0,timeout
115,btc-updown-15m-1765667700,2025-12-13T23:24:04+00:00,2025-12-13T23:24:21+00:00,UP,0.765,0.735,100.0,130.718954,0.812941,0.765,0.047941,-3.921569,3.525176,-7.446745,-3.9216,-7.4467,10,stop_loss
116,btc-updown-15m-1765667700,2025-12-13T23:29:26+00:00,2025-12-13T23:29:31+00:00,UP,0.935,0.905,100.0,106.951872,0.99,0.935,0.055,-3.208556,1.130053,-4.33861,-3.2086,-4.3386,4,stop_loss
117,btc-updown-15m-1765667700,2025-12-13T23:29:34+00:00,2025-12-13T23:29:39+00:00,UP,0.905,0.95,100.0,110.497238,0.952742,0.905,0.047742,4.972376,1.061901,3.910475,4.9724,3.9105,5,success
118,btc-updown-15m-1765668600,2025-12-13T23:43:21+00:00,2025-12-13T23:43:22+00:00,DOWN,0.195,0.19,100.0,512.820513,0.756661,0.805,-0.048339,-2.564103,11.478462,-14.042564,-2.5641,-14.0426,1,stop_loss
119,btc-updown-15m-1765668600,2025-12-13T23:43:23+00:00,2025-12-13T23:43:24+00:00,DOWN,0.21,0.205,100.0,476.190476,0.744302,0.79,-0.045698,-2.380952,11.275714,-13.656667,-2.381,-13.6567,1,stop_loss
120,btc-updown-15m-1765668600,2025-12-13T23:43:47+00:00,2025-12-13T23:43:51+00:00,DOWN,0.18,0.045,100.0,555.555556,0.76843,0.82,-0.05157,-75.0,7.623,-82.623,-75.0,-82.623,4,stop_loss
121,btc-updown-15m-1765674000,2025-12-14T01:10:04+00:00,2025-12-14T01:10:11+00:00,UP,0.64,0.67,100.0,156.25,0.687176,0.64,0.047176,4.6875,5.079375,-0.391875,4.6875,-0.3919,4,success
122,btc-updown-15m-1765677600,2025-12-14T02:02:18+00:00,2025-12-14T02:02:27+00:00,UP,0.695,0.735,100.0,143.884892,0.748359,0.695,0.053359,5.755396,4.213813,1.541583,5.7554,1.5416,9,success
123,btc-updown-15m-1765678500,2025-12-14T02:28:11+00:00,2025-12-14T02:28:22+00:00,UP,0.895,0.935,100.0,111.731844,0.940096,0.895,0.045096,4.469274,1.244916,3.224358,4.4693,3.2244,2,success
124,btc-updown-15m-1765678500,2025-12-14T02:28:34+00:00,2025-12-14T02:28:35+00:00,UP,0.84,0.76,100.0,119.047619,0.888439,0.84,0.048439,-9.52381,2.715429,-12.239238,-9.5238,-12.2392,1,stop_loss
125,btc-updown-15m-1765678500,2025-12-14T02:28:51+00:00,2025-12-14T02:28:55+00:00,DOWN,0.265,0.23,100.0,377.358491,0.691224,0.735,-0.043776,-13.207547,10.103774,-23.311321,-13.2075,-23.3113,2,stop_loss
126,btc-updown-15m-1765678500,2025-12-14T02:29:17+00:00,2025-12-14T02:29:19+00:00,DOWN,0.195,0.135,100.0,512.820513,0.727799,0.805,-0.077201,-30.769231,10.107692,-40.876923,-30.7692,-40.8769,1,stop_loss
127,btc-updown-15m-1765678500,2025-12-14T02:29:24+00:00,2025-12-14T02:29:25+00:00,DOWN,0.11,0.095,100.0,909.090909,0.818715,0.89,-0.071285,-13.636364,12.035455,-25.671818,-13.6364,-25.6718,1,stop_loss
128,btc-updown-15m-1765678500,2025-12-14T02:29:26+00:00,2025-12-14T02:29:31+00:00,UP,0.905,0.945,100.0,110.497238,0.99,0.905,0.085,4.41989,1.097503,3.322387,4.4199,3.3224,2,success
129,btc-updown-15m-1765678500,2025-12-14T02:29:40+00:00,2025-12-14T02:29:43+00:00,DOWN,0.02,0.04,100.0,5000.0,0.908915,0.98,-0.071085,100.0,20.88,79.12,100.0,79.12,3,success
130,btc-updown-15m-1765680300,2025-12-14T02:53:52+00:00,2025-12-14T02:53:53+00:00,UP,0.075,0.08,100.0,1333.333333,0.123601,0.075,0.048601,6.666667,13.7256,-7.058933,6.6667,-7.0589,1,success
131,btc-updown-15m-1765680300,2025-12-14T02:53:55+00:00,2025-12-14T02:53:56+00:00,UP,0.075,0.07,100.0,1333.333333,0.115778,0.075,0.040778,-6.666667,12.9096,-19.576267,-6.6667,-19.5763,1,stop_loss
132,btc-updown-15m-1765680300,2025-12-14T02:55:45+00:00,2025-12-14T02:55:46+00:00,UP,0.06,0.075,100.0,1666.666667,0.108223,0.06,0.048223,25.0,15.093,9.907,25.0,9.907,1,success
133,btc-updown-15m-1765680300,2025-12-14T02:58:48+00:00,2025-12-14T02:58:51+00:00,UP,0.065,0.045,100.0,1538.461538,0.112262,0.065,0.047262,-30.769231,11.492308,-42.261538,-30.7692,-42.2615,1,stop_loss
134,btc-updown-15m-1765681200,2025-12-14T03:09:48+00:00,2025-12-14T03:09:52+00:00,UP,0.28,0.275,100.0,357.142857,0.322863,0.28,0.042863,-1.785714,10.310786,-12.0965,-1.7857,-12.0965,4,stop_loss
135,btc-updown-15m-1765681200,2025-12-14T03:09:54+00:00,2025-12-14T03:10:01+00:00,UP,0.305,0.275,100.0,327.868852,0.392045,0.305,0.087045,-9.836066,9.710557,-19.546623,-9.8361,-19.5466,7,stop_loss
136,btc-updown-15m-1765681200,2025-12-14T03:10:14+00:00,2025-12-14T03:10:24+00:00,UP,0.285,0.305,100.0,350.877193,0.33536,0.285,0.05036,7.017544,10.503158,-3.485614,7.0175,-3.4856,10,success
137,btc-updown-15m-1765681200,2025-12-14T03:10:28+00:00,2025-12-14T03:10:31+00:00,UP,0.435,0.425,100.0,229.885057,0.489639,0.435,0.054639,-2.298851,8.112828,-10.411678,-2.2989,-10.4117,1,stop_loss
138,btc-updown-15m-1765681200,2025-12-14T03:10:50+00:00,2025-12-14T03:10:52+00:00,UP,0.46,0.48,100.0,217.391304,0.562542,0.46,0.102542,4.347826,7.794783,-3.446957,4.3478,-3.447,2,success
139,btc-updown-15m-1765681200,2025-12-14T03:10:53+00:00,2025-12-14T03:10:54+00:00,UP,0.48,0.46,100.0,208.333333,0.63548,0.48,0.15548,-4.166667,7.47,-11.636667,-4.1667,-11.6367,1,stop_loss
140,btc-updown-15m-1765681200,2025-12-14T03:10:55+00:00,2025-12-14T03:10:56+00:00,UP,0.465,0.485,100.0,215.053763,0.571402,0.465,0.106402,4.301075,7.719484,-3.418409,4.3011,-3.4184,1,success
141,btc-updown-15m-1765681200,2025-12-14T03:10:58+00:00,2025-12-14T03:11:02+00:00,UP,0.475,0.465,100.0,210.526316,0.53268,0.475,0.05768,-2.105263,7.550905,-9.656168,-2.1053,-9.6562,4,stop_loss
142,btc-updown-15m-1765681200,2025-12-14T03:11:06+00:00,2025-12-14T03:11:08+00:00,UP,0.485,0.475,100.0,206.185567,0.559612,0.485,0.074612,-2.061856,7.410062,-9.471918,-2.0619,-9.4719,2,stop_loss
143,btc-updown-15m-1765681200,2025-12-14T03:11:09+00:00,2025-12-14T03:11:25+00:00,UP,0.485,0.475,100.0,206.185567,0.550946,0.485,0.065946,-2.061856,7.410062,-9.471918,-2.0619,-9.4719,13,stop_loss
144,btc-updown-15m-1765681200,2025-12-14T03:11:26+00:00,2025-12-14T03:11:31+00:00,UP,0.475,0.5,100.0,210.526316,0.557748,0.475,0.082748,5.263158,7.569474,-2.306316,5.2632,-2.3063,1,success
145,btc-updown-15m-1765681200,2025-12-14T03:11:37+00:00,2025-12-14T03:12:03+00:00,UP,0.48,0.5,100.0,208.333333,0.563641,0.48,0.083641,4.166667,7.494,-3.327333,4.1667,-3.3273,19,success
146,btc-updown-15m-1765681200,2025-12-14T03:12:04+00:00,2025-12-14T03:12:13+00:00,UP,0.495,0.47,100.0,202.020202,0.550661,0.495,0.055661,-5.050505,7.259273,-12.309778,-5.0505,-12.3098,8,stop_loss
147,btc-updown-15m-1765681200,2025-12-14T03:12:14+00:00,2025-12-14T03:12:19+00:00,UP,0.47,0.46,100.0,212.765957,0.536668,0.47,0.066668,-2.12766,7.621277,-9.748936,-2.1277,-9.7489,5,stop_loss
148,btc-updown-15m-1765681200,2025-12-14T03:12:20+00:00,2025-12-14T03:12:22+00:00,UP,0.465,0.45,100.0,215.053763,0.54822,0.465,0.08322,-3.225806,7.684258,-10.910065,-3.2258,-10.9101,2,stop_loss
149,btc-updown-15m-1765681200,2025-12-14T03:12:23+00:00,2025-12-14T03:12:28+00:00,UP,0.45,0.435,100.0,222.222222,0.503137,0.45,0.053137,-3.333333,7.8924,-11.225733,-3.3333,-11.2257,2,stop_loss
150,btc-updown-15m-1765681200,2025-12-14T03:12:32+00:00,2025-12-14T03:12:40+00:00,UP,0.415,0.435,100.0,240.963855,0.47334,0.415,0.05834,4.819277,8.476048,-3.656771,4.8193,-3.6568,8,success
151,btc-updown-15m-1765681200,2025-12-14T03:12:51+00:00,2025-12-14T03:13:01+00:00,UP,0.435,0.415,100.0,229.885057,0.482021,0.435,0.047021,-4.597701,8.086345,-12.684046,-4.5977,-12.684,6,stop_loss
152,btc-updown-15m-1765681200,2025-12-14T03:13:02+00:00,2025-12-14T03:13:03+00:00,UP,0.44,0.425,100.0,227.272727,0.534477,0.44,0.094477,-3.409091,8.030864,-11.439955,-3.4091,-11.44,1,stop_loss
153,btc-updown-15m-1765681200,2025-12-14T03:13:05+00:00,2025-12-14T03:13:15+00:00,UP,0.42,0.405,100.0,238.095238,0.460559,0.42,0.040559,-3.571429,8.307,-11.878429,-3.5714,-11.8784,3,stop_loss
154,btc-updown-15m-1765681200,2025-12-14T03:13:56+00:00,2025-12-14T03:13:58+00:00,UP,0.305,0.3,100.0,327.868852,0.357109,0.305,0.052109,-1.639344,9.961377,-11.600721,-1.6393,-11.6007,1,stop_loss
155,btc-updown-15m-1765682100,2025-12-14T03:22:54+00:00,2025-12-14T03:22:55+00:00,UP,0.26,0.255,100.0,384.615385,0.301242,0.26,0.041242,-1.923077,10.588846,-12.511923,-1.9231,-12.5119,1,stop_loss
156,btc-updown-15m-1765682100,2025-12-14T03:23:30+00:00,2025-12-14T03:23:35+00:00,UP,0.295,0.365,100.0,338.983051,0.338129,0.295,0.043129,23.728814,10.732881,12.995932,23.7288,12.9959,4,success
157,btc-updown-15m-1765682100,2025-12-14T03:23:36+00:00,2025-12-14T03:23:39+00:00,UP,0.375,0.355,100.0,266.666667,0.495662,0.375,0.120662,-5.333333,8.89632,-14.229653,-5.3333,-14.2297,1,stop_loss
158,btc-updown-15m-1765682100,2025-12-14T03:23:40+00:00,2025-12-14T03:23:42+00:00,UP,0.355,0.345,100.0,281.690141,0.452849,0.355,0.097849,-2.816901,9.227155,-12.044056,-2.8169,-12.0441,2,stop_loss
159,btc-updown-15m-1765682100,2025-12-14T03:23:52+00:00,2025-12-14T03:23:55+00:00,UP,0.335,0.36,100.0,298.507463,0.379784,0.335,0.044784,7.462687,9.739881,-2.277194,7.4627,-2.2772,1,success
160,btc-updown-15m-1765682100,2025-12-14T03:23:56+00:00,2025-12-14T03:23:57+00:00,UP,0.36,0.375,100.0,277.777778,0.408591,0.36,0.048591,4.166667,9.2955,-5.128833,4.1667,-5.1288,1,success
161,btc-updown-15m-1765682100,2025-12-14T03:24:57+00:00,2025-12-14T03:25:04+00:00,UP,0.295,0.285,100.0,338.983051,0.345263,0.295,0.050263,-3.389831,10.049492,-13.439322,-3.3898,-13.4393,4,stop_loss
162,btc-updown-15m-1765682100,2025-12-14T03:25:19+00:00,2025-12-14T03:25:20+00:00,UP,0.295,0.29,100.0,338.983051,0.373189,0.295,0.078189,-1.694915,10.101356,-11.796271,-1.6949,-11.7963,1,stop_loss
163,btc-updown-15m-1765682100,2025-12-14T03:25:28+00:00,2025-12-14T03:25:31+00:00,UP,0.315,0.305,100.0,317.460317,0.371332,0.315,0.056332,-3.174603,9.777143,-12.951746,-3.1746,-12.9517,1,stop_loss
164,btc-updown-15m-1765682100,2025-12-14T03:26:01+00:00,2025-12-14T03:26:07+00:00,UP,0.29,0.285,100.0,344.827586,0.332083,0.29,0.042083,-1.724138,10.171241,-11.895379,-1.7241,-11.8954,6,stop_loss
165,btc-updown-15m-1765682100,2025-12-14T03:26:29+00:00,2025-12-14T03:26:30+00:00,UP,0.225,0.235,100.0,444.444444,0.326526,0.225,0.101526,4.444444,11.3328,-6.888356,4.4444,-6.8884,1,success
166,btc-updown-15m-1765682100,2025-12-14T03:26:35+00:00,2025-12-14T03:26:43+00:00,UP,0.215,0.195,100.0,465.116279,0.270239,0.215,0.055239,-9.302326,10.908837,-20.211163,-9.3023,-20.2112,8,stop_loss
167,btc-updown-15m-1765682100,2025-12-14T03:26:46+00:00,2025-12-14T03:26:47+00:00,UP,0.195,0.175,100.0,512.820513,0.270859,0.195,0.075859,-10.25641,11.126769,-21.383179,-10.2564,-21.3832,1,stop_loss
168,btc-updown-15m-1765682100,2025-12-14T03:26:48+00:00,2025-12-14T03:26:49+00:00,UP,0.17,0.145,100.0,588.235294,0.239155,0.17,0.069155,-14.705882,11.226706,-25.932588,-14.7059,-25.9326,1,stop_loss
169,btc-updown-15m-1765682100,2025-12-14T03:26:50+00:00,2025-12-14T03:26:52+00:00,UP,0.145,0.195,100.0,689.655172,0.211557,0.145,0.066557,34.482759,13.950621,20.532138,34.4828,20.5321,2,success
170,btc-updown-15m-1765682100,2025-12-14T03:26:53+00:00,2025-12-14T03:27:00+00:00,UP,0.19,0.18,100.0,526.315789,0.234114,0.19,0.044114,-5.263158,11.425263,-16.688421,-5.2632,-16.6884,7,stop_loss
171,btc-updown-15m-1765682100,2025-12-14T03:27:20+00:00,2025-12-14T03:27:22+00:00,UP,0.185,0.155,100.0,540.540541,0.239744,0.185,0.054744,-16.216216,10.965405,-27.181622,-16.2162,-27.1816,1,stop_loss
172,btc-updown-15m-1765682100,2025-12-14T03:28:46+00:00,2025-12-14T03:28:47+00:00,UP,0.1,0.105,100.0,1000.0,0.153347,0.1,0.053347,5.0,13.2462,-8.2462,5.0,-8.2462,1,success
173,btc-updown-15m-1765682100,2025-12-14T03:28:48+00:00,2025-12-14T03:28:49+00:00,UP,0.1,0.095,100.0,1000.0,0.141694,0.1,0.041694,-5.0,12.6702,-17.6702,-5.0,-17.6702,1,stop_loss
174,btc-updown-15m-1765683000,2025-12-14T03:43:46+00:00,2025-12-14T03:43:47+00:00,DOWN,0.4,0.535,100.0,250.0,0.531085,0.6,-0.068915,33.75,8.79795,24.95205,33.75,24.952,1,success
175,btc-updown-15m-1765683000,2025-12-14T03:43:55+00:00,2025-12-14T03:43:58+00:00,DOWN,0.485,0.445,100.0,206.185567,0.471153,0.515,-0.043847,-8.247423,7.374433,-15.621856,-8.2474,-15.6219,1,stop_loss
176,btc-updown-15m-1765683000,2025-12-14T03:44:10+00:00,2025-12-14T03:44:11+00:00,DOWN,0.47,0.445,100.0,212.765957,0.487239,0.53,-0.042761,-5.319149,7.599447,-12.918596,-5.3191,-12.9186,1,stop_loss
177,btc-updown-15m-1765683000,2025-12-14T03:44:26+00:00,2025-12-14T03:44:29+00:00,UP,0.52,0.56,100.0,192.307692,0.602697,0.52,0.082697,7.692308,6.867692,0.824615,7.6923,0.8246,2,success
178,btc-updown-15m-1765683000,2025-12-14T03:44:31+00:00,2025-12-14T03:44:33+00:00,UP,0.605,0.64,100.0,165.289256,0.728862,0.605,0.123862,5.785124,5.58595,0.199174,5.7851,0.1992,2,success
179,btc-updown-15m-1765683000,2025-12-14T03:44:35+00:00,2025-12-14T03:44:39+00:00,UP,0.64,0.725,100.0,156.25,0.805791,0.64,0.165791,13.28125,4.834969,8.446281,13.2812,8.4463,1,success
180,btc-updown-15m-1765683000,2025-12-14T03:44:44+00:00,2025-12-14T03:44:44+00:00,UP,0.755,0.755,100.0,132.450331,0.887553,0.755,0.132553,0.0,3.528,-3.528,0.0,-3.528,0,timeout
181,btc-updown-15m-1765683900,2025-12-14T03:53:09+00:00,2025-12-14T03:53:10+00:00,UP,0.325,0.315,100.0,307.692308,0.367836,0.325,0.042836,-3.076923,9.640246,-12.717169,-3.0769,-12.7172,1,stop_loss
182,btc-updown-15m-1765683900,2025-12-14T03:53:12+00:00,2025-12-14T03:53:19+00:00,UP,0.315,0.31,100.0,317.460317,0.355367,0.315,0.040367,-1.587302,9.821143,-11.408444,-1.5873,-11.4084,6,stop_loss
183,btc-updown-15m-1765683900,2025-12-14T03:53:28+00:00,2025-12-14T03:53:30+00:00,UP,0.31,0.305,100.0,322.580645,0.368858,0.31,0.058858,-1.612903,9.89129,-11.504194,-1.6129,-11.5042,2,stop_loss
184,btc-updown-15m-1765683900,2025-12-14T03:53:32+00:00,2025-12-14T03:53:41+00:00,UP,0.305,0.3,100.0,327.868852,0.351093,0.305,0.046093,-1.639344,9.961377,-11.600721,-1.6393,-11.6007,9,stop_loss
185,btc-updown-15m-1765683900,2025-12-14T03:53:49+00:00,2025-12-14T03:53:56+00:00,UP,0.295,0.31,100.0,338.983051,0.335755,0.295,0.040755,5.084746,10.29661,-5.211864,5.0847,-5.2119,6,success
186,btc-updown-15m-1765683900,2025-12-14T03:54:13+00:00,2025-12-14T03:54:15+00:00,UP,0.3,0.295,100.0,333.333333,0.354464,0.3,0.054464,-1.666667,10.0314,-11.698067,-1.6667,-11.6981,2,stop_loss
187,btc-updown-15m-1765683900,2025-12-14T03:54:17+00:00,2025-12-14T03:54:26+00:00,UP,0.3,0.295,100.0,333.333333,0.35076,0.3,0.05076,-1.666667,10.0314,-11.698067,-1.6667,-11.6981,5,stop_loss
188,btc-updown-15m-1765683900,2025-12-14T03:54:27+00:00,2025-12-14T03:54:28+00:00,UP,0.295,0.29,100.0,338.983051,0.33967,0.295,0.04467,-1.694915,10.101356,-11.796271,-1.6949,-11.7963,1,stop_loss
189,btc-updown-15m-1765683900,2025-12-14T03:54:31+00:00,2025-12-14T03:54:35+00:00,UP,0.29,0.315,100.0,344.827586,0.333066,0.29,0.043066,8.62069,10.469172,-1.848483,8.6207,-1.8485,4,success
190,btc-updown-15m-1765683900,2025-12-14T03:54:36+00:00,2025-12-14T03:54:40+00:00,UP,0.3,0.285,100.0,333.333333,0.341552,0.3,0.041552,-5.0,9.9306,-14.9306,-5.0,-14.9306,3,stop_loss
191,btc-updown-15m-1765683900,2025-12-14T03:55:00+00:00,2025-12-14T03:55:01+00:00,UP,0.29,0.285,100.0,344.827586,0.347559,0.29,0.057559,-1.724138,10.171241,-11.895379,-1.7241,-11.8954,1,stop_loss
192,btc-updown-15m-1765683900,2025-12-14T03:55:15+00:00,2025-12-14T03:55:24+00:00,UP,0.265,0.28,100.0,377.358491,0.336386,0.265,0.071386,5.660377,10.769434,-5.109057,5.6604,-5.1091,9,success
193,btc-updown-15m-1765683900,2025-12-14T03:55:40+00:00,2025-12-14T03:55:48+00:00,UP,0.295,0.275,100.0,338.983051,0.353539,0.295,0.058539,-6.779661,9.942102,-16.721763,-6.7797,-16.7218,1,stop_loss
194,btc-updown-15m-1765683900,2025-12-14T03:56:35+00:00,2025-12-14T03:56:37+00:00,UP,0.28,0.275,100.0,357.142857,0.323234,0.28,0.043234,-1.785714,10.310786,-12.0965,-1.7857,-12.0965,2,stop_loss
195,btc-updown-15m-1765684800,2025-12-14T04:07:27+00:00,2025-12-14T04:07:51+00:00,UP,0.475,0.495,100.0,210.526316,0.530407,0.475,0.055407,4.210526,7.569095,-3.358568,4.2105,-3.3586,16,success
196,btc-updown-15m-1765684800,2025-12-14T04:10:42+00:00,2025-12-14T04:10:54+00:00,DOWN,0.605,0.63,100.0,165.289256,0.34724,0.395,-0.04776,4.132231,5.618083,-1.485851,4.1322,-1.4859,6,success
197,btc-updown-15m-1765684800,2025-12-14T04:11:11+00:00,2025-12-14T04:11:22+00:00,UP,0.46,0.45,100.0,217.391304,0.501395,0.46,0.041395,-2.173913,7.761913,-9.935826,-2.1739,-9.9358,5,stop_loss
198,btc-updown-15m-1765684800,2025-12-14T04:11:24+00:00,2025-12-14T04:11:26+00:00,UP,0.48,0.465,100.0,208.333333,0.520378,0.48,0.040378,-3.125,7.475625,-10.600625,-3.125,-10.6006,2,stop_loss
199,btc-updown-15m-1765684800,2025-12-14T04:13:44+00:00,2025-12-14T04:13:48+00:00,DOWN,0.05,0.04,100.0,2000.0,0.90064,0.95,-0.04936,-20.0,12.3696,-32.3696,-20.0,-32.3696,4,stop_loss
200,btc-updown-15m-1765685700,2025-12-14T04:28:25+00:00,2025-12-14T04:28:27+00:00,DOWN,0.145,0.135,100.0,689.655172,0.813404,0.855,-0.041596,-6.896552,11.954483,-18.851034,-6.8966,-18.851,2,stop_loss
201,btc-updown-15m-1765685700,2025-12-14T04:28:39+00:00,2025-12-14T04:28:42+00:00,DOWN,0.245,0.22,100.0,408.163265,0.713141,0.755,-0.041859,-10.204082,10.478939,-20.68302,-10.2041,-20.683,1,stop_loss
202,btc-updown-15m-1765685700,2025-12-14T04:28:51+00:00,2025-12-14T04:28:52+00:00,DOWN,0.255,0.24,100.0,392.156863,0.697709,0.745,-0.047291,-5.882353,10.514118,-16.396471,-5.8824,-16.3965,1,stop_loss
203,btc-updown-15m-1765685700,2025-12-14T04:28:57+00:00,2025-12-14T04:29:15+00:00,DOWN,0.22,0.035,100.0,454.545455,0.727523,0.78,-0.052477,-84.090909,6.721364,-90.812273,-84.0909,-90.8123,1,stop_loss
204,btc-updown-15m-1765692000,2025-12-14T06:13:33+00:00,2025-12-14T06:13:37+00:00,UP,0.7,0.675,100.0,142.857143,0.751591,0.7,0.051591,-3.571429,4.416429,-7.987857,-3.5714,-7.9879,1,stop_loss
205,btc-updown-15m-1765692000,2025-12-14T06:13:46+00:00,2025-12-14T06:13:50+00:00,DOWN,0.36,0.415,100.0,277.777778,0.599442,0.64,-0.040558,15.277778,9.4635,5.814278,15.2778,5.8143,2,success
206,btc-updown-15m-1765692000,2025-12-14T06:13:53+00:00,2025-12-14T06:13:54+00:00,DOWN,0.44,0.465,100.0,227.272727,0.481331,0.56,-0.078669,5.681818,8.102864,-2.421045,5.6818,-2.421,1,success
207,btc-updown-15m-1765692000,2025-12-14T06:14:00+00:00,2025-12-14T06:14:12+00:00,DOWN,0.465,0.5,100.0,215.053763,0.474464,0.535,-0.060536,7.526882,7.722968,-0.196086,7.5269,-0.1961,10,success
208,btc-updown-15m-1765692000,2025-12-14T06:14:13+00:00,2025-12-14T06:14:22+00:00,DOWN,0.5,0.535,100.0,200.0,0.4382,0.5,-0.0618,7.0,7.18236,-0.18236,7.0,-0.1824,1,success
209,btc-updown-15m-1765692000,2025-12-14T06:14:27+00:00,2025-12-14T06:14:32+00:00,DOWN,0.495,0.545,100.0,202.020202,0.42744,0.505,-0.07756,10.10101,7.242909,2.858101,10.101,2.8581,3,success
210,btc-updown-15m-1765693800,2025-12-14T06:38:47+00:00,2025-12-14T06:38:55+00:00,UP,0.78,0.815,100.0,128.205128,0.832763,0.78,0.052763,4.487179,2.975769,1.51141,4.4872,1.5114,7,success
211,btc-updown-15m-1765694700,2025-12-14T06:52:00+00:00,2025-12-14T06:52:01+00:00,UP,0.085,0.095,100.0,1176.470588,0.131654,0.085,0.046654,11.764706,13.870588,-2.105882,11.7647,-2.1059,1,success
212,btc-updown-15m-1765694700,2025-12-14T06:52:50+00:00,2025-12-14T06:52:51+00:00,UP,0.16,0.175,100.0,625.0,0.211253,0.16,0.051253,9.375,12.544875,-3.169875,9.375,-3.1699,1,success
213,btc-updown-15m-1765694700,2025-12-14T06:52:52+00:00,2025-12-14T06:52:53+00:00,UP,0.19,0.205,100.0,526.315789,0.248213,0.19,0.058213,7.894737,12.007895,-4.113158,7.8947,-4.1132,1,success
214,btc-updown-15m-1765694700,2025-12-14T06:52:54+00:00,2025-12-14T06:52:57+00:00,UP,0.21,0.205,100.0,476.190476,0.310422,0.21,0.100422,-2.380952,11.275714,-13.656667,-2.381,-13.6567,3,stop_loss
215,btc-updown-15m-1765694700,2025-12-14T06:52:58+00:00,2025-12-14T06:52:59+00:00,UP,0.215,0.225,100.0,465.116279,0.28522,0.215,0.07022,4.651163,11.491535,-6.840372,4.6512,-6.8404,1,success
216,btc-updown-15m-1765694700,2025-12-14T06:53:22+00:00,2025-12-14T06:53:23+00:00,UP,0.235,0.23,100.0,425.531915,0.27787,0.235,0.04287,-2.12766,10.934043,-13.061702,-2.1277,-13.0617,1,stop_loss
217,btc-updown-15m-1765694700,2025-12-14T06:56:33+00:00,2025-12-14T06:56:36+00:00,DOWN,0.705,0.74,100.0,141.843972,0.253653,0.295,-0.041347,4.964539,4.088936,0.875603,4.9645,0.8756,2,success
218,btc-updown-15m-1765694700,2025-12-14T06:58:27+00:00,2025-12-14T06:58:28+00:00,UP,0.065,0.06,100.0,1538.461538,0.10583,0.065,0.04083,-7.692308,12.979385,-20.671692,-7.6923,-20.6717,1,stop_loss
219,btc-updown-15m-1765697400,2025-12-14T07:43:51+00:00,2025-12-14T07:43:56+00:00,DOWN,0.16,0.15,100.0,625.0,0.793276,0.84,-0.046724,-6.25,11.7855,-18.0355,-6.25,-18.0355,2,stop_loss
220,btc-updown-15m-1765697400,2025-12-14T07:44:23+00:00,2025-12-14T07:44:24+00:00,DOWN,0.065,0.075,100.0,1538.461538,0.884844,0.935,-0.050156,15.384615,14.416615,0.968,15.3846,0.968,1,success
221,btc-updown-15m-1765705500,2025-12-14T09:55:00+00:00,2025-12-14T09:55:01+00:00,DOWN,0.19,0.155,100.0,526.315789,0.761701,0.81,-0.048299,-18.421053,10.795263,-29.216316,-18.4211,-29.2163,1,stop_loss
222,btc-updown-15m-1765705500,2025-12-14T09:58:51+00:00,2025-12-14T09:58:52+00:00,DOWN,0.205,0.2,100.0,487.804878,0.751861,0.795,-0.043139,-2.439024,11.343512,-13.782537,-2.439,-13.7825,1,stop_loss
223,btc-updown-15m-1765705500,2025-12-14T09:58:53+00:00,2025-12-14T09:59:01+00:00,DOWN,0.195,0.255,100.0,512.820513,0.757187,0.805,-0.047813,30.769231,12.810462,17.958769,30.7692,17.9588,2,success
224,btc-updown-15m-1765705500,2025-12-14T09:59:45+00:00,2025-12-14T09:59:50+00:00,DOWN,0.025,0.025,100.0,4000.0,0.920027,0.975,-0.054973,0.0,14.04,-14.04,0.0,-14.04,5,timeout
225,btc-updown-15m-1765713600,2025-12-14T12:11:43+00:00,2025-12-14T12:11:47+00:00,UP,0.555,0.58,100.0,180.18018,0.595451,0.555,0.040451,4.504505,6.364216,-1.859712,4.5045,-1.8597,4,success
226,btc-updown-15m-1765713600,2025-12-14T12:11:49+00:00,2025-12-14T12:11:54+00:00,UP,0.645,0.68,100.0,155.03876,0.700626,0.645,0.055626,5.426357,4.985023,0.441333,5.4264,0.4413,4,success
227,btc-updown-15m-1765713600,2025-12-14T12:11:59+00:00,2025-12-14T12:12:02+00:00,UP,0.685,0.715,100.0,145.985401,0.740008,0.685,0.055008,4.379562,4.409869,-0.030307,4.3796,-0.0303,3,success
228,btc-updown-15m-1765713600,2025-12-14T12:12:48+00:00,2025-12-14T12:12:49+00:00,UP,0.68,0.71,100.0,147.058824,0.730361,0.68,0.050361,4.411765,4.484118,-0.072353,4.4118,-0.0724,1,success
229,btc-updown-15m-1765715400,2025-12-14T12:38:37+00:00,2025-12-14T12:38:46+00:00,UP,0.785,0.765,100.0,127.388535,0.841735,0.785,0.056735,-2.547771,3.196892,-5.744662,-2.5478,-5.7447,7,stop_loss
230,btc-updown-15m-1765718100,2025-12-14T13:28:55+00:00,2025-12-14T13:29:00+00:00,UP,0.625,0.705,100.0,160.0,0.666546,0.625,0.041546,12.8,5.095872,7.704128,12.8,7.7041,3,success
231,btc-updown-15m-1765718100,2025-12-14T13:29:16+00:00,2025-12-14T13:29:18+00:00,DOWN,0.425,0.45,100.0,235.294118,0.532727,0.575,-0.042273,5.882353,8.332941,-2.450588,5.8824,-2.4506,2,success
232,btc-updown-15m-1765718100,2025-12-14T13:29:27+00:00,2025-12-14T13:29:28+00:00,UP,0.535,0.525,100.0,186.915888,0.666483,0.535,0.131483,-1.869159,6.704075,-8.573234,-1.8692,-8.5732,1,stop_loss
233,btc-updown-15m-1765718100,2025-12-14T13:29:29+00:00,2025-12-14T13:29:31+00:00,UP,0.52,0.58,100.0,192.307692,0.645236,0.52,0.125236,11.538462,6.828923,4.709538,11.5385,4.7095,2,success
234,btc-updown-15m-1765718100,2025-12-14T13:29:34+00:00,2025-12-14T13:29:36+00:00,UP,0.605,0.615,100.0,165.289256,0.653875,0.605,0.048875,1.652893,5.661818,-4.008926,1.6529,-4.0089,2,timeout
235,btc-updown-15m-1765725300,2025-12-14T15:29:39+00:00,2025-12-14T15:29:43+00:00,DOWN,0.775,0.81,100.0,129.032258,0.175392,0.225,-0.049608,4.516129,3.049781,1.466348,4.5161,1.4663,2,success
236,btc-updown-15m-1765726200,2025-12-14T15:44:04+00:00,2025-12-14T15:44:05+00:00,DOWN,0.035,0.03,100.0,2857.142857,0.917535,0.965,-0.047465,-14.285714,12.934286,-27.22,-14.2857,-27.22,1,stop_loss
237,btc-updown-15m-1765726200,2025-12-14T15:44:28+00:00,2025-12-14T15:44:29+00:00,DOWN,0.03,0.025,100.0,3333.333333,0.916013,0.97,-0.053987,-16.666667,12.834,-29.500667,-16.6667,-29.5007,1,stop_loss
238,btc-updown-15m-1765728000,2025-12-14T16:13:41+00:00,2025-12-14T16:14:04+00:00,DOWN,0.665,0.695,100.0,150.37594,0.285438,0.335,-0.049562,4.511278,4.707068,-0.195789,4.5113,-0.1958,7,success
239,btc-updown-15m-1765728000,2025-12-14T16:14:21+00:00,2025-12-14T16:14:22+00:00,DOWN,0.775,0.655,100.0,129.032258,0.182564,0.225,-0.042436,-15.483871,3.719381,-19.203252,-15.4839,-19.2033,1,stop_loss
240,btc-updown-15m-1765728000,2025-12-14T16:14:26+00:00,2025-12-14T16:14:36+00:00,DOWN,0.705,0.73,100.0,141.843972,0.241485,0.295,-0.053515,3.546099,4.136936,-0.590837,3.5461,-0.5908,8,timeout
241,btc-updown-15m-1765730700,2025-12-14T16:59:10+00:00,2025-12-14T16:59:11+00:00,UP,0.33,0.315,100.0,303.030303,0.41331,0.33,0.08331,-4.545455,9.531818,-14.077273,-4.5455,-14.0773,1,stop_loss
242,btc-updown-15m-1765730700,2025-12-14T16:59:17+00:00,2025-12-14T16:59:18+00:00,UP,0.3,0.295,100.0,333.333333,0.350484,0.3,0.050484,-1.666667,10.0314,-11.698067,-1.6667,-11.6981,1,stop_loss
243,btc-updown-15m-1765730700,2025-12-14T16:59:34+00:00,2025-12-14T16:59:35+00:00,UP,0.195,0.185,100.0,512.820513,0.237575,0.195,0.042575,-5.128205,11.363077,-16.491282,-5.1282,-16.4913,1,stop_loss
244,btc-updown-15m-1765732500,2025-12-14T17:29:18+00:00,2025-12-14T17:29:19+00:00,DOWN,0.025,0.035,100.0,4000.0,0.906629,0.975,-0.068371,40.0,16.7472,23.2528,40.0,23.2528,1,success
245,btc-updown-15m-1765733400,2025-12-14T17:37:08+00:00,2025-12-14T17:37:09+00:00,UP,0.465,0.485,100.0,215.053763,0.506102,0.465,0.041102,4.301075,7.719484,-3.418409,4.3011,-3.4184,1,success
246,btc-updown-15m-1765733400,2025-12-14T17:44:18+00:00,2025-12-14T17:44:20+00:00,UP,0.785,0.855,100.0,127.388535,0.830419,0.785,0.045419,8.917197,2.685096,6.232102,8.9172,6.2321,2,success
247,btc-updown-15m-1765733400,2025-12-14T17:44:24+00:00,2025-12-14T17:44:30+00:00,UP,0.88,0.925,100.0,113.636364,0.920707,0.88,0.040707,5.113636,1.431614,3.682023,5.1136,3.682,5,success
248,btc-updown-15m-1765733400,2025-12-14T17:44:32+00:00,2025-12-14T17:44:40+00:00,UP,0.935,0.935,100.0,106.951872,0.987498,0.935,0.052498,0.0,0.936,-0.936,0.0,-0.936,5,timeout
249,btc-updown-15m-1765734300,2025-12-14T17:59:04+00:00,2025-12-14T17:59:05+00:00,DOWN,0.09,0.155,100.0,1111.111111,0.849596,0.91,-0.060404,72.222222,17.03,55.192222,72.2222,55.1922,1,success
250,btc-updown-15m-1765734300,2025-12-14T17:59:06+00:00,2025-12-14T17:59:09+00:00,UP,0.81,0.845,100.0,123.45679,0.866805,0.81,0.056805,4.320988,2.532222,1.788765,4.321,1.7888,3,success
251,btc-updown-15m-1765734300,2025-12-14T17:59:16+00:00,2025-12-14T17:59:18+00:00,DOWN,0.2,0.185,100.0,500.0,0.753192,0.8,-0.046808,-7.5,11.1879,-18.6879,-7.5,-18.6879,1,stop_loss
252,btc-updown-15m-1765734300,2025-12-14T17:59:27+00:00,2025-12-14T17:59:37+00:00,UP,0.865,0.945,100.0,115.606936,0.960841,0.865,0.095841,9.248555,1.404624,7.843931,9.2486,7.8439,3,success
253,btc-updown-15m-1765740600,2025-12-14T19:37:26+00:00,2025-12-14T19:37:29+00:00,UP,0.325,0.315,100.0,307.692308,0.366627,0.325,0.041627,-3.076923,9.640246,-12.717169,-3.0769,-12.7172,3,stop_loss
254,btc-updown-15m-1765741500,2025-12-14T19:58:48+00:00,2025-12-14T19:58:52+00:00,DOWN,0.7,0.745,100.0,142.857143,0.246,0.3,-0.054,6.428571,4.114029,2.314543,6.4286,2.3145,2,success
255,btc-updown-15m-1765741500,2025-12-14T19:59:02+00:00,2025-12-14T19:59:06+00:00,DOWN,0.535,0.045,100.0,186.915888,0.424623,0.465,-0.040377,-91.588785,3.926355,-95.51514,-91.5888,-95.5151,1,stop_loss
256,btc-updown-15m-1765741500,2025-12-14T19:59:12+00:00,2025-12-14T19:59:14+00:00,UP,0.935,0.9,100.0,106.951872,0.99,0.935,0.055,-3.743316,1.161048,-4.904364,-3.7433,-4.9044,1,stop_loss
257,btc-updown-15m-1765741500,2025-12-14T19:59:17+00:00,2025-12-14T19:59:18+00:00,UP,0.94,0.925,100.0,106.382979,0.99,0.94,0.05,-1.595745,0.963383,-2.559128,-1.5957,-2.5591,1,stop_loss
258,btc-updown-15m-1765744200,2025-12-14T20:43:50+00:00,2025-12-14T20:43:55+00:00,DOWN,0.595,0.58,100.0,168.067227,0.356921,0.405,-0.048079,-2.521008,5.863765,-8.384773,-2.521,-8.3848,5,stop_loss
259,btc-updown-15m-1765744200,2025-12-14T20:44:20+00:00,2025-12-14T20:44:22+00:00,DOWN,0.59,0.62,100.0,169.491525,0.355484,0.41,-0.054516,5.084746,5.827119,-0.742373,5.0847,-0.7424,2,success
260,btc-updown-15m-1765744200,2025-12-14T20:44:25+00:00,2025-12-14T20:44:31+00:00,UP,0.345,0.325,100.0,289.855072,0.428943,0.345,0.083943,-5.797101,9.294261,-15.091362,-5.7971,-15.0914,5,stop_loss
261,btc-updown-15m-1765746900,2025-12-14T21:25:43+00:00,2025-12-14T21:25:46+00:00,UP,0.785,0.82,100.0,127.388535,0.860019,0.785,0.075019,4.458599,2.901783,1.556815,4.4586,1.5568,3,success
262,btc-updown-15m-1765746900,2025-12-14T21:28:51+00:00,2025-12-14T21:28:56+00:00,DOWN,0.02,0.025,100.0,5000.0,0.935928,0.98,-0.044072,25.0,15.831,9.169,25.0,9.169,5,success
263,btc-updown-15m-1765746900,2025-12-14T21:28:57+00:00,2025-12-14T21:28:58+00:00,DOWN,0.025,0.03,100.0,4000.0,0.92967,0.975,-0.04533,20.0,15.4008,4.5992,20.0,4.5992,1,success
264,btc-updown-15m-1765746900,2025-12-14T21:29:03+00:00,2025-12-14T21:29:07+00:00,DOWN,0.025,0.02,100.0,4000.0,0.933376,0.975,-0.041624,-20.0,12.6648,-32.6648,-20.0,-32.6648,4,stop_loss
265,btc-updown-15m-1765746900,2025-12-14T21:29:11+00:00,2025-12-14T21:29:17+00:00,DOWN,0.025,0.025,100.0,4000.0,0.900433,0.975,-0.074567,0.0,14.04,-14.04,0.0,-14.04,6,timeout
266,btc-updown-15m-1765755000,2025-12-14T23:43:22+00:00,2025-12-14T23:43:34+00:00,UP,0.83,0.815,100.0,120.481928,0.878554,0.83,0.048554,-1.807229,2.531928,-4.339157,-1.8072,-4.3392,7,stop_loss
267,btc-updown-15m-1765755000,2025-12-14T23:43:47+00:00,2025-12-14T23:43:48+00:00,UP,0.82,0.79,100.0,121.95122,0.865104,0.82,0.045104,-3.658537,2.752683,-6.41122,-3.6585,-6.4112,1,stop_loss
268,btc-updown-15m-1765755000,2025-12-14T23:43:51+00:00,2025-12-14T23:43:54+00:00,DOWN,0.25,0.3,100.0,400.0,0.698846,0.75,-0.051154,20.0,11.448,8.552,20.0,8.552,1,success
269,btc-updown-15m-1765755000,2025-12-14T23:44:02+00:00,2025-12-14T23:44:03+00:00,UP,0.715,0.635,100.0,139.86014,0.774193,0.715,0.059193,-11.188811,4.385958,-15.574769,-11.1888,-15.5748,1,stop_loss
270,btc-updown-15m-1765755000,2025-12-14T23:44:08+00:00,2025-12-14T23:44:10+00:00,DOWN,0.275,0.27,100.0,363.636364,0.672647,0.725,-0.052353,-1.818182,10.380436,-12.198618,-1.8182,-12.1986,2,stop_loss
271,btc-updown-15m-1765755000,2025-12-14T23:44:11+00:00,2025-12-14T23:44:12+00:00,DOWN,0.27,0.245,100.0,370.37037,0.686775,0.73,-0.043225,-9.259259,10.188667,-19.447926,-9.2593,-19.4479,1,stop_loss
272,btc-updown-15m-1765755000,2025-12-14T23:44:16+00:00,2025-12-14T23:44:18+00:00,DOWN,0.18,0.175,100.0,555.555556,0.769234,0.82,-0.050766,-2.777778,11.679,-14.456778,-2.7778,-14.4568,2,stop_loss
273,btc-updown-15m-1765755000,2025-12-14T23:44:26+00:00,2025-12-14T23:44:30+00:00,UP,0.895,0.86,100.0,111.731844,0.94596,0.895,0.05096,-3.910615,1.724581,-5.635196,-3.9106,-5.6352,1,stop_loss
274,btc-updown-15m-1765755000,2025-12-14T23:44:31+00:00,2025-12-14T23:44:33+00:00,DOWN,0.155,0.245,100.0,645.16129,0.705481,0.845,-0.139519,58.064516,14.676387,43.388129,58.0645,43.3881,2,success
275,btc-updown-15m-1765755000,2025-12-14T23:44:34+00:00,2025-12-14T23:44:35+00:00,DOWN,0.24,0.265,100.0,416.666667,0.669546,0.76,-0.090454,10.416667,11.31525,-0.898583,10.4167,-0.8986,1,success
276,btc-updown-15m-1765755000,2025-12-14T23:44:36+00:00,2025-12-14T23:44:38+00:00,DOWN,0.265,0.41,100.0,377.358491,0.650453,0.735,-0.084547,54.716981,11.864377,42.852604,54.717,42.8526,1,success
277,btc-updown-15m-1765756800,2025-12-15T00:13:38+00:00,2025-12-15T00:13:41+00:00,DOWN,0.575,0.6,100.0,173.913043,0.360528,0.425,-0.064472,4.347826,6.065217,-1.717391,4.3478,-1.7174,3,success
278,btc-updown-15m-1765756800,2025-12-15T00:13:57+00:00,2025-12-15T00:13:59+00:00,DOWN,0.575,0.565,100.0,173.913043,0.373065,0.425,-0.051935,-1.73913,6.13753,-7.876661,-1.7391,-7.8767,1,stop_loss
279,btc-updown-15m-1765756800,2025-12-15T00:14:18+00:00,2025-12-15T00:14:19+00:00,DOWN,0.785,0.755,100.0,127.388535,0.170413,0.215,-0.044587,-3.821656,3.244586,-7.066242,-3.8217,-7.0662,1,stop_loss
